{
    "ACEGUA": 19,
    "AGUA SANTA": 13,
    "AGUDO": 113,
    "AJURICABA": 24,
    "ALECRIM": 31,
    "ALEGRETE": 898,
    "ALEGRIA": 18,
    "ALMIRANTE TAMANDARE DO SUL": 4,
    "ALPESTRE": 30,
    "ALTO ALEGRE": 2,
    "ALTO FELIZ": 35,
    "ALVORADA": 1764,
    "AMARAL FERRADOR": 14,
    "AMETISTA DO SUL": 79,
    "ANDRE DA ROCHA": 16,
    "ANTA GORDA": 32,
    "ANTONIO PRADO": 69,
    "ARAMBARE": 128,
    "ARARICA": 68,
    "ARATIBA": 17,
    "ARROIO DO MEIO": 184,
    "ARROIO DO PADRE": 7,
    "ARROIO DO SAL": 518,
    "ARROIO DO TIGRE": 62,
    "ARROIO DOS RATOS": 82,
    "ARROIO GRANDE": 164,
    "ARVOREZINHA": 41,
    "AUGUSTO PESTANA": 22,
    "AUREA": 24,
    "BAGE": 1193,
    "BALNEARIO PINHAL": 341,
    "BARAO": 23,
    "BARAO DE COTEGIPE": 30,
    "BARAO DO TRIUNFO": 19,
    "BARRA DO GUARITA": 17,
    "BARRA DO QUARAI": 61,
    "BARRA DO RIBEIRO": 125,
    "BARRA DO RIO AZUL": 11,
    "BARRA FUNDA": 9,
    "BARRACAO": 35,
    "BARROS CASSAL": 65,
    "BENJAMIN CONSTANT DO SUL": 6,
    "BENTO GONCALVES": 1090,
    "BOA VISTA DAS MISSOES": 16,
    "BOA VISTA DO BURICA": 15,
    "BOA VISTA DO CADEADO": 24,
    "BOA VISTA DO INCRA": 16,
    "BOA VISTA DO SUL": 13,
    "BOM JESUS": 158,
    "BOM PRINCIPIO": 123,
    "BOM PROGRESSO": 16,
    "BOM RETIRO DO SUL": 108,
    "BOQUEIRAO DO LEAO": 46,
    "BOSSOROCA": 62,
    "BOZANO": 16,
    "BRAGA": 26,
    "BROCHIER": 15,
    "BUTIA": 218,
    "CACAPAVA DO SUL": 321,
    "CACEQUI": 130,
    "CACHOEIRA DO SUL": 735,
    "CACHOEIRINHA": 1342,
    "CACIQUE DOBLE": 30,
    "CAIBATE": 19,
    "CAICARA": 21,
    "CAMAQUA": 730,
    "CAMARGO": 23,
    "CAMBARA DO SUL": 38,
    "CAMPESTRE DA SERRA": 30,
    "CAMPINA DAS MISSOES": 15,
    "CAMPINAS DO SUL": 40,
    "CAMPO BOM": 764,
    "CAMPO NOVO": 75,
    "CAMPOS BORGES": 21,
    "CANDELARIA": 329,
    "CANDIDO GODOI": 25,
    "CANDIOTA": 104,
    "CANELA": 581,
    "CANGUCU": 248,
    "CANOAS": 4196,
    "CANUDOS DO VALE": 7,
    "CAPAO BONITO DO SUL": 32,
    "CAPAO DA CANOA": 1736,
    "CAPAO DO CIPO": 24,
    "CAPAO DO LEAO": 132,
    "CAPELA DE SANTANA": 66,
    "CAPITAO": 9,
    "CAPIVARI DO SUL": 55,
    "CARAA": 29,
    "CARAZINHO": 799,
    "CARLOS BARBOSA": 201,
    "CARLOS GOMES": 1,
    "CASCA": 120,
    "CASEIROS": 11,
    "CATUIPE": 74,
    "CAXIAS DO SUL": 4968,
    "CENTENARIO": 17,
    "CERRITO": 45,
    "CERRO BRANCO": 21,
    "CERRO GRANDE": 24,
    "CERRO GRANDE DO SUL": 43,
    "CERRO LARGO": 75,
    "CHAPADA": 52,
    "CHARQUEADAS": 267,
    "CHARRUA": 6,
    "CHIAPETTA": 28,
    "CHUI": 115,
    "CHUVISCA": 44,
    "CIDREIRA": 540,
    "CIRIACO": 32,
    "COLINAS": 7,
    "COLORADO": 24,
    "CONDOR": 31,
    "CONSTANTINA": 48,
    "COQUEIRO BAIXO": 9,
    "COQUEIROS DO SUL": 22,
    "CORONEL BARROS": 14,
    "CORONEL BICACO": 59,
    "CORONEL PILAR": 6,
    "COTIPORA": 46,
    "COXILHA": 15,
    "CRISSIUMAL": 65,
    "CRISTAL": 40,
    "CRISTAL DO SUL": 13,
    "CRUZ ALTA": 665,
    "CRUZALTENSE": 6,
    "CRUZEIRO DO SUL": 59,
    "DAVID CANABARRO": 25,
    "DERRUBADAS": 11,
    "DEZESSEIS DE NOVEMBRO": 19,
    "DILERMANDO DE AGUIAR": 20,
    "DOIS IRMAOS": 226,
    "DOIS IRMAOS DAS MISSOES": 3,
    "DOIS LAJEADOS": 26,
    "DOM FELICIANO": 121,
    "DOM PEDRITO": 389,
    "DOM PEDRO DE ALCANTARA": 24,
    "DONA FRANCISCA": 8,
    "DOUTOR RICARDO": 13,
    "DR MAURICIO CARDOSO": 15,
    "ELDORADO DO SUL": 484,
    "ENCANTADO": 320,
    "ENCRUZILHADA DO SUL": 243,
    "ENGENHO VELHO": 12,
    "ENTRE IJUIS": 64,
    "ENTRE RIOS DO SUL": 18,
    "EREBANGO": 32,
    "ERECHIM": 990,
    "ERNESTINA": 60,
    "ERVAL GRANDE": 27,
    "ERVAL SECO": 20,
    "ESMERALDA": 33,
    "ESPERANCA DO SUL": 5,
    "ESPUMOSO": 96,
    "ESTACAO": 42,
    "ESTANCIA VELHA": 341,
    "ESTEIO": 1122,
    "ESTRELA": 279,
    "ESTRELA VELHA": 19,
    "EUGENIO DE CASTRO": 16,
    "FAGUNDES VARELA": 0,
    "FARROUPILHA": 694,
    "FAXINAL DO SOTURNO": 23,
    "FAXINALZINHO": 11,
    "FAZENDA VILA NOVA": 60,
    "FELIZ": 107,
    "FLORES DA CUNHA": 185,
    "FLORIANO PEIXOTO": 0,
    "FONTOURA XAVIER": 69,
    "FORMIGUEIRO": 72,
    "FORQUETINHA": 5,
    "FORTALEZA DOS VALOS": 26,
    "FREDERICO WESTPHALEN": 330,
    "GARIBALDI": 221,
    "GARRUCHOS": 27,
    "GAURAMA": 25,
    "GENERAL CAMARA": 78,
    "GENTIL": 9,
    "GETULIO VARGAS": 109,
    "GIRUA": 101,
    "GLORINHA": 43,
    "GRAMADO": 520,
    "GRAMADO DOS LOUREIROS": 10,
    "GRAMADO XAVIER": 21,
    "GRAVATAI": 2588,
    "GUABIJU": 7,
    "GUAIBA": 891,
    "GUAPORE": 246,
    "GUARANI DAS MISSOES": 119,
    "HARMONIA": 16,
    "HERVAL": 28,
    "HERVEIRAS": 23,
    "HORIZONTINA": 185,
    "HULHA NEGRA": 28,
    "HUMAITA": 21,
    "IBARAMA": 16,
    "IBIACA": 25,
    "IBIRAIARAS": 61,
    "IBIRAPUITA": 30,
    "IBIRUBA": 165,
    "IGREJINHA": 337,
    "IJUI": 759,
    "ILOPOLIS": 64,
    "IMBE": 1038,
    "IMIGRANTE": 11,
    "INDEPENDENCIA": 58,
    "INHACORA": 10,
    "IPE": 66,
    "IPIRANGA DO SUL": 6,
    "IRAI": 149,
    "ITAARA": 116,
    "ITACURUBI": 45,
    "ITAPUCA": 18,
    "ITAQUI": 321,
    "ITATI": 15,
    "ITATIBA DO SUL": 12,
    "IVORA": 7,
    "IVOTI": 124,
    "JABOTICABA": 19,
    "JACUIZINHO": 16,
    "JACUTINGA": 11,
    "JAGUARAO": 346,
    "JAGUARI": 78,
    "JAQUIRANA": 52,
    "JARI": 16,
    "JOIA": 42,
    "JULIO DE CASTILHOS": 190,
    "LAGOA BONITA DO SUL": 15,
    "LAGOA DOS TRES CANTOS": 6,
    "LAGOA VERMELHA": 352,
    "LAGOAO": 16,
    "LAJEADO": 862,
    "LAJEADO DO BUGRE": 1,
    "LAVRAS DO SUL": 58,
    "LIBERATO SALZANO": 21,
    "LINDOLFO COLLOR": 18,
    "LINHA NOVA": 8,
    "MACAMBARA": 46,
    "MACHADINHO": 67,
    "MAMPITUBA": 2,
    "MANOEL VIANA": 38,
    "MAQUINE": 66,
    "MARATA": 15,
    "MARAU": 551,
    "MARCELINO RAMOS": 31,
    "MARIANA PIMENTEL": 12,
    "MARIANO MORO": 13,
    "MARQUES DE SOUZA": 38,
    "MATA": 45,
    "MATO CASTELHANO": 45,
    "MATO LEITAO": 33,
    "MATO QUEIMADO": 10,
    "MAXIMILIANO DE ALMEIDA": 25,
    "MINAS DO LEAO": 51,
    "MIRAGUAI": 40,
    "MONTAURI": 6,
    "MONTE ALEGRE DOS CAMPOS": 15,
    "MONTE BELO DO SUL": 12,
    "MONTENEGRO": 828,
    "MORMACO": 20,
    "MORRINHOS DO SUL": 6,
    "MORRO REDONDO": 31,
    "MORRO REUTER": 45,
    "MOSTARDAS": 153,
    "MUCUM": 64,
    "MUITOS CAPOES": 19,
    "MULITERNO": 9,
    "NAO-ME-TOQUE": 113,
    "NICOLAU VERGUEIRO": 11,
    "NONOAI": 89,
    "NOVA ALVORADA": 12,
    "NOVA ARACA": 36,
    "NOVA BASSANO": 60,
    "NOVA BOA VISTA": 15,
    "NOVA BRESCIA": 18,
    "NOVA CANDELARIA": 6,
    "NOVA ESPERANCA DO SUL": 12,
    "NOVA HARTZ": 161,
    "NOVA PADUA": 2,
    "NOVA PALMA": 43,
    "NOVA PETROPOLIS": 149,
    "NOVA PRATA": 172,
    "NOVA RAMADA": 10,
    "NOVA ROMA DO SUL": 21,
    "NOVA SANTA RITA": 326,
    "NOVO BARREIRO": 20,
    "NOVO CABRAIS": 32,
    "NOVO HAMBURGO": 2962,
    "NOVO MACHADO": 6,
    "NOVO TIRADENTES": 14,
    "NOVO XINGU": 6,
    "OSORIO": 837,
    "PAIM FILHO": 50,
    "PALMARES DO SUL": 236,
    "PALMEIRA DAS MISSOES": 359,
    "PALMITINHO": 47,
    "PANAMBI": 324,
    "PANTANO GRANDE": 79,
    "PARAI": 61,
    "PARAISO DO SUL": 45,
    "PARECI NOVO": 18,
    "PAROBE": 526,
    "PASSA SETE": 25,
    "PASSO DO SOBRADO": 50,
    "PASSO FUNDO": 2449,
    "PAULO BENTO": 9,
    "PAVERAMA": 37,
    "PEDRAS ALTAS": 12,
    "PEDRO OSORIO": 62,
    "PEJUCARA": 32,
    "PELOTAS": 3098,
    "PICADA CAFE": 41,
    "PINHAL": 24,
    "PINHAL DA SERRA": 20,
    "PINHAL GRANDE": 13,
    "PINHEIRINHO DO VALE": 9,
    "PINHEIRO MACHADO": 68,
    "PINTO BANDEIRA": 9,
    "PIRAPO": 19,
    "PIRATINI": 125,
    "PLANALTO": 47,
    "POCO DAS ANTAS": 8,
    "PONTAO": 11,
    "PONTE PRETA": 3,
    "PORTAO": 281,
    "PORTO ALEGRE": 24015,
    "PORTO LUCENA": 24,
    "PORTO MAUA": 28,
    "PORTO VERA CRUZ": 21,
    "PORTO XAVIER": 49,
    "POUSO NOVO": 22,
    "PRESIDENTE LUCENA": 15,
    "PROGRESSO": 59,
    "PROTASIO ALVES": 0,
    "PUTINGA": 10,
    "QUARAI": 271,
    "QUATRO IRMAOS": 10,
    "QUEVEDOS": 13,
    "QUINZE DE NOVEMBRO": 15,
    "REDENTORA": 43,
    "RELVADO": 12,
    "RESTINGA SECA": 121,
    "RIO DOS INDIOS": 23,
    "RIO GRANDE": 2953,
    "RIO PARDO": 370,
    "RIOZINHO": 23,
    "ROCA SALES": 61,
    "RODEIO BONITO": 50,
    "ROLADOR": 8,
    "ROLANTE": 171,
    "RONDA ALTA": 73,
    "RONDINHA": 22,
    "ROQUE GONZALES": 18,
    "ROSARIO DO SUL": 269,
    "SAGRADA FAMILIA": 16,
    "SALDANHA MARINHO": 8,
    "SALTO DO JACUI": 131,
    "SALVADOR DAS MISSOES": 5,
    "SALVADOR DO SUL": 43,
    "SANANDUVA": 47,
    "SANTA BARBARA DO SUL": 101,
    "SANTA CECILIA DO SUL": 6,
    "SANTA CLARA DO SUL": 27,
    "SANTA CRUZ DO SUL": 1371,
    "SANTA MARGARIDA DO SUL": 18,
    "SANTA MARIA": 4146,
    "SANTA MARIA DO HERVAL": 42,
    "SANTA ROSA": 968,
    "SANTA TEREZA": 16,
    "SANTA VITORIA DO PALMAR": 556,
    "SANTANA DA BOA VISTA": 70,
    "SANTANA DO LIVRAMENTO": 929,
    "SANTIAGO": 353,
    "SANTO ANGELO": 1091,
    "SANTO ANTONIO DA PATRULHA": 402,
    "SANTO ANTONIO DAS MISSOES": 88,
    "SANTO ANTONIO DO PALMA": 12,
    "SANTO ANTONIO DO PLANALTO": 11,
    "SANTO AUGUSTO": 93,
    "SANTO CRISTO": 45,
    "SANTO EXPEDITO DO SUL": 8,
    "SAO BORJA": 537,
    "SAO DOMINGOS DO SUL": 16,
    "SAO FRANCISCO DE ASSIS": 97,
    "SAO FRANCISCO DE PAULA": 254,
    "SAO GABRIEL": 834,
    "SAO JERONIMO": 243,
    "SAO JOAO DA URTIGA": 23,
    "SAO JOAO DO POLESINE": 30,
    "SAO JORGE": 10,
    "SAO JOSE DAS MISSOES": 13,
    "SAO JOSE DO HERVAL": 9,
    "SAO JOSE DO HORTENCIO": 20,
    "SAO JOSE DO INHACORA": 12,
    "SAO JOSE DO NORTE": 198,
    "SAO JOSE DO OURO": 45,
    "SAO JOSE DO SUL": 18,
    "SAO JOSE DOS AUSENTES": 15,
    "SAO LEOPOLDO": 3914,
    "SAO LOURENCO DO SUL": 424,
    "SAO LUIZ GONZAGA": 411,
    "SAO MARCOS": 107,
    "SAO MARTINHO": 20,
    "SAO MARTINHO DA SERRA": 58,
    "SAO MIGUEL DAS MISSOES": 55,
    "SAO NICOLAU": 44,
    "SAO PAULO DAS MISSOES": 20,
    "SAO PEDRO DA SERRA": 17,
    "SAO PEDRO DAS MISSOES": 14,
    "SAO PEDRO DO BUTIA": 11,
    "SAO PEDRO DO SUL": 202,
    "SAO SEBASTIAO DO CAI": 412,
    "SAO SEPE": 150,
    "SAO VALENTIM": 23,
    "SAO VALENTIM DO SUL": 15,
    "SAO VALERIO DO SUL": 5,
    "SAO VENDELINO": 9,
    "SAO VICENTE DO SUL": 88,
    "SAPIRANGA": 781,
    "SAPUCAIA DO SUL": 1634,
    "SARANDI": 236,
    "SEBERI": 84,
    "SEDE NOVA": 13,
    "SEGREDO": 31,
    "SELBACH": 42,
    "SENADOR SALGADO FILHO": 20,
    "SENTINELA DO SUL": 42,
    "SERAFINA CORREA": 116,
    "SERIO": 6,
    "SERTAO": 32,
    "SERTAO SANTANA": 29,
    "SETE DE SETEMBRO": 14,
    "SEVERIANO DE ALMEIDA": 11,
    "SILVEIRA MARTINS": 26,
    "SINIMBU": 35,
    "SOBRADINHO": 203,
    "SOLEDADE": 677,
    "TABAI": 25,
    "TAPEJARA": 231,
    "TAPERA": 70,
    "TAPES": 229,
    "TAQUARA": 743,
    "TAQUARI": 151,
    "TAQUARUCU DO SUL": 26,
    "TAVARES": 59,
    "TENENTE PORTELA": 158,
    "TERRA DE AREIA": 148,
    "TEUTONIA": 209,
    "TIO HUGO": 38,
    "TIRADENTES DO SUL": 25,
    "TOROPI": 12,
    "TORRES": 1123,
    "TRAMANDAI": 2046,
    "TRAVESSEIRO": 6,
    "TRES ARROIOS": 6,
    "TRES CACHOEIRAS": 84,
    "TRES COROAS": 300,
    "TRES DE MAIO": 143,
    "TRES FORQUILHAS": 10,
    "TRES PALMEIRAS": 28,
    "TRES PASSOS": 159,
    "TRINDADE DO SUL": 76,
    "TRIUNFO": 186,
    "TUCUNDUVA": 37,
    "TUNAS": 23,
    "TUPANCI DO SUL": 14,
    "TUPANCIRETA": 165,
    "TUPANDI": 24,
    "TUPARENDI": 39,
    "TURUCU": 15,
    "UBIRETAMA": 0,
    "UNIAO DA SERRA": 4,
    "UNISTALDA": 6,
    "URUGUAIANA": 1295,
    "VACARIA": 933,
    "VALE DO SOL": 62,
    "VALE REAL": 58,
    "VALE VERDE": 15,
    "VANINI": 13,
    "VENANCIO AIRES": 667,
    "VERA CRUZ": 207,
    "VERANOPOLIS": 215,
    "VESPASIANO CORREA": 1,
    "VIADUTOS": 25,
    "VIAMAO": 2031,
    "VICENTE DUTRA": 28,
    "VICTOR GRAEFF": 16,
    "VILA FLORES": 15,
    "VILA LANGARO": 15,
    "VILA MARIA": 40,
    "VILA NOVA DO SUL": 48,
    "VISTA ALEGRE": 19,
    "VISTA ALEGRE DO PRATA": 1,
    "VISTA GAUCHA": 21,
    "VITORIA DAS MISSOES": 15,
    "WESTFALIA": 13,
    "XANGRI-LA": 869
}