{
    "ACEGUA": 6,
    "AGUA SANTA": 10,
    "AGUDO": 7,
    "AJURICABA": 0,
    "ALECRIM": 6,
    "ALEGRETE": 221,
    "ALEGRIA": 2,
    "ALMIRANTE TAMANDARE DO SUL": 2,
    "ALPESTRE": 2,
    "ALTO ALEGRE": 0,
    "ALTO FELIZ": 2,
    "ALVORADA": 2132,
    "AMARAL FERRADOR": 0,
    "AMETISTA DO SUL": 18,
    "ANDRE DA ROCHA": 4,
    "ANTA GORDA": 5,
    "ANTONIO PRADO": 25,
    "ARAMBARE": 37,
    "ARARICA": 20,
    "ARATIBA": 2,
    "ARROIO DO MEIO": 39,
    "ARROIO DO PADRE": 0,
    "ARROIO DO SAL": 117,
    "ARROIO DO TIGRE": 24,
    "ARROIO DOS RATOS": 70,
    "ARROIO GRANDE": 67,
    "ARVOREZINHA": 6,
    "AUGUSTO PESTANA": 4,
    "AUREA": 15,
    "BAGE": 318,
    "BALNEARIO PINHAL": 158,
    "BARAO": 5,
    "BARAO DE COTEGIPE": 5,
    "BARAO DO TRIUNFO": 0,
    "BARRA DO GUARITA": 22,
    "BARRA DO QUARAI": 15,
    "BARRA DO RIBEIRO": 67,
    "BARRA DO RIO AZUL": 0,
    "BARRA FUNDA": 0,
    "BARRACAO": 2,
    "BARROS CASSAL": 4,
    "BENJAMIN CONSTANT DO SUL": 4,
    "BENTO GONCALVES": 505,
    "BOA VISTA DAS MISSOES": 2,
    "BOA VISTA DO BURICA": 2,
    "BOA VISTA DO CADEADO": 0,
    "BOA VISTA DO INCRA": 0,
    "BOA VISTA DO SUL": 0,
    "BOM JESUS": 33,
    "BOM PRINCIPIO": 35,
    "BOM PROGRESSO": 7,
    "BOM RETIRO DO SUL": 54,
    "BOQUEIRAO DO LEAO": 5,
    "BOSSOROCA": 24,
    "BOZANO": 5,
    "BRAGA": 2,
    "BROCHIER": 0,
    "BUTIA": 96,
    "CACAPAVA DO SUL": 91,
    "CACEQUI": 15,
    "CACHOEIRA DO SUL": 376,
    "CACHOEIRINHA": 691,
    "CACIQUE DOBLE": 0,
    "CAIBATE": 5,
    "CAICARA": 12,
    "CAMAQUA": 188,
    "CAMARGO": 2,
    "CAMBARA DO SUL": 13,
    "CAMPESTRE DA SERRA": 4,
    "CAMPINA DAS MISSOES": 2,
    "CAMPINAS DO SUL": 9,
    "CAMPO BOM": 170,
    "CAMPO NOVO": 11,
    "CAMPOS BORGES": 2,
    "CANDELARIA": 70,
    "CANDIDO GODOI": 7,
    "CANDIOTA": 2,
    "CANELA": 305,
    "CANGUCU": 40,
    "CANOAS": 2309,
    "CANUDOS DO VALE": 0,
    "CAPAO BONITO DO SUL": 2,
    "CAPAO DA CANOA": 549,
    "CAPAO DO CIPO": 0,
    "CAPAO DO LEAO": 21,
    "CAPELA DE SANTANA": 51,
    "CAPITAO": 0,
    "CAPIVARI DO SUL": 20,
    "CARAA": 2,
    "CARAZINHO": 211,
    "CARLOS BARBOSA": 100,
    "CARLOS GOMES": 0,
    "CASCA": 19,
    "CASEIROS": 7,
    "CATUIPE": 24,
    "CAXIAS DO SUL": 1733,
    "CENTENARIO": 0,
    "CERRITO": 4,
    "CERRO BRANCO": 0,
    "CERRO GRANDE": 0,
    "CERRO GRANDE DO SUL": 14,
    "CERRO LARGO": 44,
    "CHAPADA": 4,
    "CHARQUEADAS": 350,
    "CHARRUA": 7,
    "CHIAPETTA": 2,
    "CHUI": 37,
    "CHUVISCA": 6,
    "CIDREIRA": 290,
    "CIRIACO": 5,
    "COLINAS": 4,
    "COLORADO": 5,
    "CONDOR": 20,
    "CONSTANTINA": 7,
    "COQUEIRO BAIXO": 0,
    "COQUEIROS DO SUL": 10,
    "CORONEL BARROS": 10,
    "CORONEL BICACO": 10,
    "CORONEL PILAR": 0,
    "COTIPORA": 0,
    "COXILHA": 0,
    "CRISSIUMAL": 18,
    "CRISTAL": 43,
    "CRISTAL DO SUL": 0,
    "CRUZ ALTA": 266,
    "CRUZALTENSE": 0,
    "CRUZEIRO DO SUL": 42,
    "DAVID CANABARRO": 0,
    "DERRUBADAS": 0,
    "DEZESSEIS DE NOVEMBRO": 0,
    "DILERMANDO DE AGUIAR": 2,
    "DOIS IRMAOS": 87,
    "DOIS IRMAOS DAS MISSOES": 0,
    "DOIS LAJEADOS": 3,
    "DOM FELICIANO": 2,
    "DOM PEDRITO": 91,
    "DOM PEDRO DE ALCANTARA": 10,
    "DONA FRANCISCA": 9,
    "DOUTOR RICARDO": 4,
    "DR MAURICIO CARDOSO": 4,
    "ELDORADO DO SUL": 259,
    "ENCANTADO": 35,
    "ENCRUZILHADA DO SUL": 69,
    "ENGENHO VELHO": 0,
    "ENTRE IJUIS": 10,
    "ENTRE RIOS DO SUL": 2,
    "EREBANGO": 7,
    "ERECHIM": 464,
    "ERNESTINA": 16,
    "ERVAL GRANDE": 5,
    "ERVAL SECO": 6,
    "ESMERALDA": 18,
    "ESPERANCA DO SUL": 5,
    "ESPUMOSO": 29,
    "ESTACAO": 2,
    "ESTANCIA VELHA": 93,
    "ESTEIO": 407,
    "ESTRELA": 127,
    "ESTRELA VELHA": 7,
    "EUGENIO DE CASTRO": 2,
    "FAGUNDES VARELA": 0,
    "FARROUPILHA": 272,
    "FAXINAL DO SOTURNO": 27,
    "FAXINALZINHO": 9,
    "FAZENDA VILA NOVA": 24,
    "FELIZ": 2,
    "FLORES DA CUNHA": 53,
    "FLORIANO PEIXOTO": 0,
    "FONTOURA XAVIER": 24,
    "FORMIGUEIRO": 24,
    "FORQUETINHA": 0,
    "FORTALEZA DOS VALOS": 2,
    "FREDERICO WESTPHALEN": 66,
    "GARIBALDI": 54,
    "GARRUCHOS": 2,
    "GAURAMA": 4,
    "GENERAL CAMARA": 21,
    "GENTIL": 0,
    "GETULIO VARGAS": 101,
    "GIRUA": 18,
    "GLORINHA": 36,
    "GRAMADO": 123,
    "GRAMADO DOS LOUREIROS": 2,
    "GRAMADO XAVIER": 0,
    "GRAVATAI": 1239,
    "GUABIJU": 2,
    "GUAIBA": 362,
    "GUAPORE": 115,
    "GUARANI DAS MISSOES": 2,
    "HARMONIA": 2,
    "HERVAL": 19,
    "HERVEIRAS": 5,
    "HORIZONTINA": 19,
    "HULHA NEGRA": 0,
    "HUMAITA": 0,
    "IBARAMA": 20,
    "IBIACA": 0,
    "IBIRAIARAS": 6,
    "IBIRAPUITA": 27,
    "IBIRUBA": 41,
    "IGREJINHA": 53,
    "IJUI": 195,
    "ILOPOLIS": 0,
    "IMBE": 297,
    "IMIGRANTE": 0,
    "INDEPENDENCIA": 5,
    "INHACORA": 0,
    "IPE": 13,
    "IPIRANGA DO SUL": 0,
    "IRAI": 17,
    "ITAARA": 11,
    "ITACURUBI": 4,
    "ITAPUCA": 0,
    "ITAQUI": 104,
    "ITATI": 4,
    "ITATIBA DO SUL": 2,
    "IVORA": 0,
    "IVOTI": 6,
    "JABOTICABA": 2,
    "JACUIZINHO": 4,
    "JACUTINGA": 11,
    "JAGUARAO": 161,
    "JAGUARI": 15,
    "JAQUIRANA": 18,
    "JARI": 0,
    "JOIA": 18,
    "JULIO DE CASTILHOS": 45,
    "LAGOA BONITA DO SUL": 2,
    "LAGOA DOS TRES CANTOS": 0,
    "LAGOA VERMELHA": 122,
    "LAGOAO": 10,
    "LAJEADO": 242,
    "LAJEADO DO BUGRE": 0,
    "LAVRAS DO SUL": 10,
    "LIBERATO SALZANO": 14,
    "LINDOLFO COLLOR": 7,
    "LINHA NOVA": 2,
    "MACAMBARA": 2,
    "MACHADINHO": 6,
    "MAMPITUBA": 5,
    "MANOEL VIANA": 10,
    "MAQUINE": 8,
    "MARATA": 0,
    "MARAU": 71,
    "MARCELINO RAMOS": 7,
    "MARIANA PIMENTEL": 4,
    "MARIANO MORO": 2,
    "MARQUES DE SOUZA": 0,
    "MATA": 4,
    "MATO CASTELHANO": 8,
    "MATO LEITAO": 2,
    "MATO QUEIMADO": 0,
    "MAXIMILIANO DE ALMEIDA": 7,
    "MINAS DO LEAO": 24,
    "MIRAGUAI": 14,
    "MONTAURI": 0,
    "MONTE ALEGRE DOS CAMPOS": 2,
    "MONTE BELO DO SUL": 0,
    "MONTENEGRO": 226,
    "MORMACO": 0,
    "MORRINHOS DO SUL": 2,
    "MORRO REDONDO": 3,
    "MORRO REUTER": 4,
    "MOSTARDAS": 63,
    "MUCUM": 2,
    "MUITOS CAPOES": 0,
    "MULITERNO": 0,
    "NAO-ME-TOQUE": 95,
    "NICOLAU VERGUEIRO": 2,
    "NONOAI": 34,
    "NOVA ALVORADA": 8,
    "NOVA ARACA": 4,
    "NOVA BASSANO": 16,
    "NOVA BOA VISTA": 2,
    "NOVA BRESCIA": 2,
    "NOVA CANDELARIA": 0,
    "NOVA ESPERANCA DO SUL": 0,
    "NOVA HARTZ": 37,
    "NOVA PADUA": 0,
    "NOVA PALMA": 5,
    "NOVA PETROPOLIS": 22,
    "NOVA PRATA": 57,
    "NOVA RAMADA": 4,
    "NOVA ROMA DO SUL": 5,
    "NOVA SANTA RITA": 85,
    "NOVO BARREIRO": 2,
    "NOVO CABRAIS": 2,
    "NOVO HAMBURGO": 1133,
    "NOVO MACHADO": 10,
    "NOVO TIRADENTES": 2,
    "NOVO XINGU": 0,
    "OSORIO": 352,
    "PAIM FILHO": 2,
    "PALMARES DO SUL": 85,
    "PALMEIRA DAS MISSOES": 57,
    "PALMITINHO": 14,
    "PANAMBI": 45,
    "PANTANO GRANDE": 18,
    "PARAI": 10,
    "PARAISO DO SUL": 4,
    "PARECI NOVO": 10,
    "PAROBE": 121,
    "PASSA SETE": 2,
    "PASSO DO SOBRADO": 2,
    "PASSO FUNDO": 846,
    "PAULO BENTO": 0,
    "PAVERAMA": 7,
    "PEDRAS ALTAS": 0,
    "PEDRO OSORIO": 11,
    "PEJUCARA": 2,
    "PELOTAS": 1318,
    "PICADA CAFE": 2,
    "PINHAL": 0,
    "PINHAL DA SERRA": 0,
    "PINHAL GRANDE": 12,
    "PINHEIRINHO DO VALE": 27,
    "PINHEIRO MACHADO": 5,
    "PINTO BANDEIRA": 0,
    "PIRAPO": 2,
    "PIRATINI": 8,
    "PLANALTO": 38,
    "POCO DAS ANTAS": 0,
    "PONTAO": 2,
    "PONTE PRETA": 0,
    "PORTAO": 103,
    "PORTO ALEGRE": 13760,
    "PORTO LUCENA": 15,
    "PORTO MAUA": 4,
    "PORTO VERA CRUZ": 0,
    "PORTO XAVIER": 30,
    "POUSO NOVO": 26,
    "PRESIDENTE LUCENA": 0,
    "PROGRESSO": 6,
    "PROTASIO ALVES": 2,
    "PUTINGA": 2,
    "QUARAI": 54,
    "QUATRO IRMAOS": 4,
    "QUEVEDOS": 2,
    "QUINZE DE NOVEMBRO": 2,
    "REDENTORA": 8,
    "RELVADO": 0,
    "RESTINGA SECA": 28,
    "RIO DOS INDIOS": 15,
    "RIO GRANDE": 1879,
    "RIO PARDO": 108,
    "RIOZINHO": 5,
    "ROCA SALES": 11,
    "RODEIO BONITO": 33,
    "ROLADOR": 2,
    "ROLANTE": 92,
    "RONDA ALTA": 34,
    "RONDINHA": 2,
    "ROQUE GONZALES": 9,
    "ROSARIO DO SUL": 104,
    "SAGRADA FAMILIA": 0,
    "SALDANHA MARINHO": 7,
    "SALTO DO JACUI": 17,
    "SALVADOR DAS MISSOES": 2,
    "SALVADOR DO SUL": 26,
    "SANANDUVA": 10,
    "SANTA BARBARA DO SUL": 31,
    "SANTA CECILIA DO SUL": 7,
    "SANTA CLARA DO SUL": 0,
    "SANTA CRUZ DO SUL": 388,
    "SANTA MARGARIDA DO SUL": 0,
    "SANTA MARIA": 1193,
    "SANTA MARIA DO HERVAL": 10,
    "SANTA ROSA": 255,
    "SANTA TEREZA": 5,
    "SANTA VITORIA DO PALMAR": 131,
    "SANTANA DA BOA VISTA": 2,
    "SANTANA DO LIVRAMENTO": 227,
    "SANTIAGO": 113,
    "SANTO ANGELO": 302,
    "SANTO ANTONIO DA PATRULHA": 153,
    "SANTO ANTONIO DAS MISSOES": 14,
    "SANTO ANTONIO DO PALMA": 0,
    "SANTO ANTONIO DO PLANALTO": 0,
    "SANTO AUGUSTO": 29,
    "SANTO CRISTO": 4,
    "SANTO EXPEDITO DO SUL": 10,
    "SAO BORJA": 103,
    "SAO DOMINGOS DO SUL": 4,
    "SAO FRANCISCO DE ASSIS": 33,
    "SAO FRANCISCO DE PAULA": 68,
    "SAO GABRIEL": 242,
    "SAO JERONIMO": 89,
    "SAO JOAO DA URTIGA": 0,
    "SAO JOAO DO POLESINE": 10,
    "SAO JORGE": 5,
    "SAO JOSE DAS MISSOES": 0,
    "SAO JOSE DO HERVAL": 6,
    "SAO JOSE DO HORTENCIO": 0,
    "SAO JOSE DO INHACORA": 0,
    "SAO JOSE DO NORTE": 75,
    "SAO JOSE DO OURO": 10,
    "SAO JOSE DO SUL": 5,
    "SAO JOSE DOS AUSENTES": 7,
    "SAO LEOPOLDO": 1586,
    "SAO LOURENCO DO SUL": 64,
    "SAO LUIZ GONZAGA": 169,
    "SAO MARCOS": 69,
    "SAO MARTINHO": 0,
    "SAO MARTINHO DA SERRA": 2,
    "SAO MIGUEL DAS MISSOES": 12,
    "SAO NICOLAU": 4,
    "SAO PAULO DAS MISSOES": 0,
    "SAO PEDRO DA SERRA": 0,
    "SAO PEDRO DAS MISSOES": 2,
    "SAO PEDRO DO BUTIA": 0,
    "SAO PEDRO DO SUL": 29,
    "SAO SEBASTIAO DO CAI": 88,
    "SAO SEPE": 67,
    "SAO VALENTIM": 10,
    "SAO VALENTIM DO SUL": 0,
    "SAO VALERIO DO SUL": 0,
    "SAO VENDELINO": 3,
    "SAO VICENTE DO SUL": 11,
    "SAPIRANGA": 196,
    "SAPUCAIA DO SUL": 711,
    "SARANDI": 56,
    "SEBERI": 21,
    "SEDE NOVA": 0,
    "SEGREDO": 4,
    "SELBACH": 9,
    "SENADOR SALGADO FILHO": 0,
    "SENTINELA DO SUL": 9,
    "SERAFINA CORREA": 24,
    "SERIO": 0,
    "SERTAO": 4,
    "SERTAO SANTANA": 9,
    "SETE DE SETEMBRO": 0,
    "SEVERIANO DE ALMEIDA": 0,
    "SILVEIRA MARTINS": 0,
    "SINIMBU": 3,
    "SOBRADINHO": 131,
    "SOLEDADE": 122,
    "TABAI": 4,
    "TAPEJARA": 67,
    "TAPERA": 47,
    "TAPES": 103,
    "TAQUARA": 126,
    "TAQUARI": 32,
    "TAQUARUCU DO SUL": 2,
    "TAVARES": 52,
    "TENENTE PORTELA": 22,
    "TERRA DE AREIA": 52,
    "TEUTONIA": 63,
    "TIO HUGO": 5,
    "TIRADENTES DO SUL": 14,
    "TOROPI": 4,
    "TORRES": 227,
    "TRAMANDAI": 733,
    "TRAVESSEIRO": 0,
    "TRES ARROIOS": 0,
    "TRES CACHOEIRAS": 24,
    "TRES COROAS": 35,
    "TRES DE MAIO": 55,
    "TRES FORQUILHAS": 22,
    "TRES PALMEIRAS": 0,
    "TRES PASSOS": 169,
    "TRINDADE DO SUL": 40,
    "TRIUNFO": 81,
    "TUCUNDUVA": 5,
    "TUNAS": 5,
    "TUPANCI DO SUL": 2,
    "TUPANCIRETA": 40,
    "TUPANDI": 12,
    "TUPARENDI": 7,
    "TURUCU": 7,
    "UBIRETAMA": 0,
    "UNIAO DA SERRA": 0,
    "UNISTALDA": 2,
    "URUGUAIANA": 683,
    "VACARIA": 231,
    "VALE DO SOL": 17,
    "VALE REAL": 4,
    "VALE VERDE": 4,
    "VANINI": 0,
    "VENANCIO AIRES": 102,
    "VERA CRUZ": 40,
    "VERANOPOLIS": 111,
    "VESPASIANO CORREA": 0,
    "VIADUTOS": 7,
    "VIAMAO": 1916,
    "VICENTE DUTRA": 9,
    "VICTOR GRAEFF": 6,
    "VILA FLORES": 0,
    "VILA LANGARO": 2,
    "VILA MARIA": 6,
    "VILA NOVA DO SUL": 5,
    "VISTA ALEGRE": 2,
    "VISTA ALEGRE DO PRATA": 0,
    "VISTA GAUCHA": 0,
    "VITORIA DAS MISSOES": 2,
    "WESTFALIA": 2,
    "XANGRI-LA": 133
}